"","factor","Adj.R2","F","p.value"
"1","Host axes",0.186634274248168,7.61457132541458,1e-04
"2","Ecosystem index",0.00454559429822621,1.6057435774592,0.0393
"3","Ecosystem status",0.0249923259975624,2.70066278149862,1e-04
"4","Site",0.155947023721607,4.83203504704578,1e-04
